{
    "servers": [
        {
            "guildid": 755451013036507196,
            "channelid": 817698676213415938,
            "invite": "https://discord.gg/M6b2rqNb4J"
        },
        {
            "guildid": 756499655478476821,
            "channelid": 817698870037315627,
            "invite": "https://discord.gg/6BupM8mprm"
        },
        {
            "guildid": 756539446131818628,
            "channelid": 817751032812666922,
            "invite": "https://discord.gg/7xQNQSPwHb"
        },
        {
            "guildid": 736947555182837811,
            "channelid": 818068538307772476,
            "invite": "https://discord.gg/aVgNGxg2as"
        },
        {
            "guildid": 818078728297906176,
            "channelid": 818079489740767293,
            "invite": "https://discord.gg/fCDbzN258f"
        },
        {
            "guildid": 809137451884347422,
            "channelid": 818117539460546591,
            "invite": "https://discord.gg/xCUpwqep5T"
        },
        {
            "guildid": 790519514659553290,
            "channelid": 820759358304157736,
            "invite": "https://discord.gg/HBzzGuub3K"
        },
        {
            "guildid": 809151285269889074,
            "channelid": 818121835216371722,
            "invite": "https://discord.gg/ba38DPq7jx"
        },
        {
            "guildid": 787306123265966101,
            "channelid": 818122124476416001,
            "invite": "https://discord.gg/3mAPamtGcM"
        },
        {
            "guildid": 810042769896505354,
            "channelid": 818122647542956032,
            "invite": "https://discord.gg/5bgpTwkx3m"
        },
        {
            "guildid": 815944065370947616,
            "channelid": 818122929862737950,
            "invite": "https://discord.gg/aWzU8CCpEH"
        },
        {
            "guildid": 818105689124634644,
            "channelid": 818142956657311804,
            "invite": "https://discord.gg/ztXXAS4YHd"
        },
        {
            "guildid": 792514802160500766,
            "channelid": 818410650375028736,
            "invite": "https://discord.gg/yeSXcJxZSx"
        },
        {
            "guildid": 815888005092737035,
            "channelid": 818430257220419594,
            "invite": "https://discord.gg/zB496gZMPK"
        },
        {
            "guildid": 779370621548494849,
            "channelid": 818729771940184075,
            "invite": "https://discord.gg/GbGbj5RbN6"
        },
        {
            "guildid": 802941684676689950,
            "channelid": 818734385494622258,
            "invite": "https://discord.gg/F36wpeaR4N"
        },
        {
            "guildid": 815651770591477853,
            "channelid": 819575296826540032,
            "invite": "https://discord.gg/pspb7wEQpB"
        },
        {
            "guildid": 809238890769547304,
            "channelid": 821407792513679402,
            "invite": "https://discord.gg/Zu8qmQbjTP"
        },
        {
            "guildid": 782935432845459468,
            "channelid": 825060506930511943,
            "invite": "https://discord.gg/BaeGJFDYE6"
        },
        {
            "guildid": 771421046476636230,
            "channelid": 825340773682905109,
            "invite": "https://discord.gg/CRRQ93wtNw"
        },
        {
            "guildid": 825409034634788865,
            "channelid": 825740285203054622,
            "invite": "https://discord.gg/cncmHFe7xs"
        },
        {
            "guildid": 813396656673783849,
            "channelid": 826125991251410954,
            "invite": "https://discord.gg/EN72u4pYgb"
        },
        {
            "guildid": 822119407857827840,
            "channelid": 826156042311827508,
            "invite": "https://discord.gg/sA5BFwRPVG"
        },
        {
            "guildid": 830449390178271252,
            "channelid": 856255431370080356,
            "invite": "https://discord.gg/35UA84bhYv"
        },
        {
            "guildid": 831498512806051880,
            "channelid": 857857726687346728,
            "invite": "https://discord.gg/KCmPzcY7PT"
        },
        {
            "guildid": 832180314013040711,
            "channelid": 860229339151728671,
            "invite": "https://discord.gg/dauayhZUgJ"
        },
        {
            "guildid": 855778418045091861,
            "channelid": 867663016899903498,
            "invite": "https://discord.gg/TW5Bwb3rC3"
        },
        {
            "guildid": 828227183217606698,
            "channelid": 875827727989612604,
            "invite": "https://discord.gg/ReFjJSHM59"
        },
        {
            "guildid": 893600838340214784,
            "channelid": 897505531990794240,
            "invite": "https://discord.gg/SKGrd4sYdj"
        },
        {
            "guildid": 897903331039670322,
            "channelid": 898684785155772456,
            "invite": "https://discord.gg/KxwzWaeZkq"
        },
        {
            "guildid": 903607648300200017,
            "channelid": 904102525886668832,
            "invite": "https://discord.gg/uKR2EcuqfV"
        },
        {
            "guildid": 906221127297269771,
            "channelid": 906329483383017523,
            "invite": "https://discord.gg/k3ga8kWJXD"
        },
        {
            "guildid": 905261911539609650,
            "channelid": 907643760605818970,
            "invite": "https://discord.gg/XzfBVVEEBd"
        },
        {
            "guildid": 905812820996788264,
            "channelid": 907644164466966631,
            "invite": "https://discord.gg/PvEZkHHmuA"
        },
        {
            "guildid": 817852140449300490,
            "channelid": 971642190432444467,
            "invite": "https://discord.gg/K7ZyVU4ecp"
        },
        {
            "guildid": 727825640568651827,
            "channelid": 990667563606351913,
            "invite": "https://discord.gg/zJJ2PYcUWZ"
        },
        {
            "guildid": 796805522758041672,
            "channelid": 990668705673379951,
            "invite": "https://discord.gg/D6htwXxThE"
        },
        {
            "guildid": 1000876118938767482,
            "channelid": 1013527037887119370,
            "invite": "https://discord.gg/UHK7PQDwTM"
        },
        {
            "guildid": 811730903482761246,
            "channelid": 1013528779706081301,
            "invite": "https://discord.gg/S9BBhBEAcy"
        },
        {
            "guildid": 1026108291765510147,
            "channelid": 1027660489293053993,
            "invite": "https://discord.gg/at7XXJefzY"
        },
        {
            "guildid": 1025013278734307478,
            "channelid": 1032342311927037983,
            "invite": "https://discord.gg/8j2XTxFF8A"
        },
        {
            "guildid": 1023134568259260447,
            "channelid": 1043164228489584670,
            "invite": "https://discord.gg/cwCvGrERAw"
        },
        {
            "guildid": 992825545106657321,
            "channelid": 1045646352287268944,
            "invite": "https://discord.gg/KrUhfsSqcD"
        },
        {
            "guildid": 945390879760322590,
            "channelid": 1046702283238420502,
            "invite": "https://discord.gg/UNcj4cRuTr"
        }
    ]
}